{
  "info" : {
    "version" : 1,
    "author" : "xcode"
  },
  "images" : [
    {
      "platform" : "ios",
      "scale" : "2x",
      "size" : "20x20",
      "idiom" : "universal",
      "filename" : "icon-20@2x.png"
    },
    {
      "platform" : "ios",
      "scale" : "3x",
      "filename" : "icon-20@3x.png",
      "idiom" : "universal",
      "size" : "20x20"
    },
    {
      "size" : "29x29",
      "scale" : "2x",
      "platform" : "ios",
      "idiom" : "universal",
      "filename" : "icon-29@2x.png"
    },
    {
      "size" : "29x29",
      "scale" : "3x",
      "filename" : "icon-29@3x.png",
      "platform" : "ios",
      "idiom" : "universal"
    },
    {
      "filename" : "icon-38@2x.png",
      "size" : "38x38",
      "platform" : "ios",
      "idiom" : "universal",
      "scale" : "2x"
    },
    {
      "platform" : "ios",
      "filename" : "icon-38@3x.png",
      "scale" : "3x",
      "idiom" : "universal",
      "size" : "38x38"
    },
    {
      "filename" : "icon-40@2x.png",
      "scale" : "2x",
      "idiom" : "universal",
      "size" : "40x40",
      "platform" : "ios"
    },
    {
      "size" : "40x40",
      "platform" : "ios",
      "scale" : "3x",
      "filename" : "icon-40@3x.png",
      "idiom" : "universal"
    },
    {
      "size" : "60x60",
      "filename" : "icon-60@2x.png",
      "scale" : "2x",
      "idiom" : "universal",
      "platform" : "ios"
    },
    {
      "filename" : "icon-60@3x.png",
      "idiom" : "universal",
      "size" : "60x60",
      "scale" : "3x",
      "platform" : "ios"
    },
    {
      "platform" : "ios",
      "scale" : "2x",
      "filename" : "icon-64@2x.png",
      "idiom" : "universal",
      "size" : "64x64"
    },
    {
      "filename" : "icon-64@3x.png",
      "platform" : "ios",
      "size" : "64x64",
      "scale" : "3x",
      "idiom" : "universal"
    },
    {
      "platform" : "ios",
      "filename" : "icon-68@2x.png",
      "idiom" : "universal",
      "size" : "68x68",
      "scale" : "2x"
    },
    {
      "scale" : "2x",
      "size" : "76x76",
      "platform" : "ios",
      "filename" : "icon-76@2x.png",
      "idiom" : "universal"
    },
    {
      "idiom" : "universal",
      "scale" : "2x",
      "filename" : "icon-83_5@2x.png",
      "platform" : "ios",
      "size" : "83.5x83.5"
    },
    {
      "platform" : "ios",
      "filename" : "ios-marketing.png",
      "idiom" : "universal",
      "size" : "1024x1024"
    }
  ]
}